Product ID,Product Name,Category,Price,Discount,Rating,Number of Reviews,Availability,Product URL,Image URL,Price Category,Rating Category,Normalized Price,Final Price,Total Estimated Revenue,Average Score
Bulbasaur,Bulbasaur,Unknown,63.0,0,0,0,In Stock,https://scrapeme.live/shop/Bulbasaur/,https://scrapeme.live/wp-content/uploads/2018/08/001-350x350.png,Medium,Poor,0.21714285714285714,63.0,0.0,0.10857142857142857
Ivysaur,Ivysaur,Unknown,87.0,0,0,0,In Stock,https://scrapeme.live/shop/Ivysaur/,https://scrapeme.live/wp-content/uploads/2018/08/002-350x350.png,Medium,Poor,0.35428571428571426,87.0,0.0,0.17714285714285713
Venusaur,Venusaur,Unknown,105.0,0,0,0,In Stock,https://scrapeme.live/shop/Venusaur/,https://scrapeme.live/wp-content/uploads/2018/08/003-350x350.png,High,Poor,0.45714285714285713,105.0,0.0,0.22857142857142856
Charmander,Charmander,Unknown,48.0,0,0,0,In Stock,https://scrapeme.live/shop/Charmander/,https://scrapeme.live/wp-content/uploads/2018/08/004-350x350.png,Low,Poor,0.13142857142857142,48.0,0.0,0.06571428571428571
Charmeleon,Charmeleon,Unknown,165.0,0,0,0,In Stock,https://scrapeme.live/shop/Charmeleon/,https://scrapeme.live/wp-content/uploads/2018/08/005-350x350.png,High,Poor,0.8,165.0,0.0,0.4
Charizard,Charizard,Unknown,156.0,0,0,0,In Stock,https://scrapeme.live/shop/Charizard/,https://scrapeme.live/wp-content/uploads/2018/08/006-350x350.png,High,Poor,0.7485714285714286,156.0,0.0,0.3742857142857143
Squirtle,Squirtle,Unknown,130.0,0,0,0,In Stock,https://scrapeme.live/shop/Squirtle/,https://scrapeme.live/wp-content/uploads/2018/08/007-350x350.png,High,Poor,0.6,130.0,0.0,0.3
Wartortle,Wartortle,Unknown,123.0,0,0,0,In Stock,https://scrapeme.live/shop/Wartortle/,https://scrapeme.live/wp-content/uploads/2018/08/008-350x350.png,High,Poor,0.56,123.0,0.0,0.28
Blastoise,Blastoise,Unknown,76.0,0,0,0,In Stock,https://scrapeme.live/shop/Blastoise/,https://scrapeme.live/wp-content/uploads/2018/08/009-350x350.png,Medium,Poor,0.2914285714285714,76.0,0.0,0.1457142857142857
Caterpie,Caterpie,Unknown,73.0,0,0,0,In Stock,https://scrapeme.live/shop/Caterpie/,https://scrapeme.live/wp-content/uploads/2018/08/010-350x350.png,Medium,Poor,0.2742857142857143,73.0,0.0,0.13714285714285715
Metapod,Metapod,Unknown,148.0,0,0,0,In Stock,https://scrapeme.live/shop/Metapod/,https://scrapeme.live/wp-content/uploads/2018/08/011-350x350.png,High,Poor,0.7028571428571428,148.0,0.0,0.3514285714285714
Butterfree,Butterfree,Unknown,162.0,0,0,0,In Stock,https://scrapeme.live/shop/Butterfree/,https://scrapeme.live/wp-content/uploads/2018/08/012-350x350.png,High,Poor,0.7828571428571428,162.0,0.0,0.3914285714285714
Weedle,Weedle,Unknown,25.0,0,0,0,In Stock,https://scrapeme.live/shop/Weedle/,https://scrapeme.live/wp-content/uploads/2018/08/013-350x350.png,Low,Poor,0.0,25.0,0.0,0.0
Kakuna,Kakuna,Unknown,148.0,0,0,0,In Stock,https://scrapeme.live/shop/Kakuna/,https://scrapeme.live/wp-content/uploads/2018/08/014-350x350.png,High,Poor,0.7028571428571428,148.0,0.0,0.3514285714285714
Beedrill,Beedrill,Unknown,168.0,0,0,0,In Stock,https://scrapeme.live/shop/Beedrill/,https://scrapeme.live/wp-content/uploads/2018/08/015-350x350.png,High,Poor,0.8171428571428572,168.0,0.0,0.4085714285714286
Pidgey,Pidgey,Unknown,159.0,0,0,0,In Stock,https://scrapeme.live/shop/Pidgey/,https://scrapeme.live/wp-content/uploads/2018/08/016-350x350.png,High,Poor,0.7657142857142857,159.0,0.0,0.38285714285714284
Pidgeotto,Pidgeotto,Unknown,84.0,0,0,0,In Stock,https://scrapeme.live/shop/Pidgeotto/,https://scrapeme.live/wp-content/uploads/2018/08/017-350x350.png,Medium,Poor,0.33714285714285713,84.0,0.0,0.16857142857142857
Pidgeot,Pidgeot,Unknown,185.0,0,0,0,In Stock,https://scrapeme.live/shop/Pidgeot/,https://scrapeme.live/wp-content/uploads/2018/08/018-350x350.png,High,Poor,0.9142857142857143,185.0,0.0,0.45714285714285713
Rattata,Rattata,Unknown,128.0,0,0,0,In Stock,https://scrapeme.live/shop/Rattata/,https://scrapeme.live/wp-content/uploads/2018/08/019-350x350.png,High,Poor,0.5885714285714285,128.0,0.0,0.29428571428571426
Raticate,Raticate,Unknown,60.0,0,0,0,In Stock,https://scrapeme.live/shop/Raticate/,https://scrapeme.live/wp-content/uploads/2018/08/020-350x350.png,Medium,Poor,0.2,60.0,0.0,0.1
Spearow,Spearow,Unknown,133.0,0,0,0,In Stock,https://scrapeme.live/shop/Spearow/,https://scrapeme.live/wp-content/uploads/2018/08/021-350x350.png,High,Poor,0.6171428571428571,133.0,0.0,0.30857142857142855
Fearow,Fearow,Unknown,95.0,0,0,0,In Stock,https://scrapeme.live/shop/Fearow/,https://scrapeme.live/wp-content/uploads/2018/08/022-350x350.png,Medium,Poor,0.4,95.0,0.0,0.2
Ekans,Ekans,Unknown,55.0,0,0,0,In Stock,https://scrapeme.live/shop/Ekans/,https://scrapeme.live/wp-content/uploads/2018/08/023-350x350.png,Medium,Poor,0.17142857142857143,55.0,0.0,0.08571428571428572
Arbok,Arbok,Unknown,182.0,0,0,0,In Stock,https://scrapeme.live/shop/Arbok/,https://scrapeme.live/wp-content/uploads/2018/08/024-350x350.png,High,Poor,0.8971428571428571,182.0,0.0,0.44857142857142857
Pikachu,Pikachu,Unknown,37.0,0,0,0,In Stock,https://scrapeme.live/shop/Pikachu/,https://scrapeme.live/wp-content/uploads/2018/08/025-350x350.png,Low,Poor,0.06857142857142857,37.0,0.0,0.03428571428571429
Raichu,Raichu,Unknown,140.0,0,0,0,In Stock,https://scrapeme.live/shop/Raichu/,https://scrapeme.live/wp-content/uploads/2018/08/026-350x350.png,High,Poor,0.6571428571428571,140.0,0.0,0.32857142857142857
Sandshrew,Sandshrew,Unknown,82.0,0,0,0,In Stock,https://scrapeme.live/shop/Sandshrew/,https://scrapeme.live/wp-content/uploads/2018/08/027-350x350.png,Medium,Poor,0.32571428571428573,82.0,0.0,0.16285714285714287
Sandslash,Sandslash,Unknown,155.0,0,0,0,In Stock,https://scrapeme.live/shop/Sandslash/,https://scrapeme.live/wp-content/uploads/2018/08/028-350x350.png,High,Poor,0.7428571428571429,155.0,0.0,0.37142857142857144
Nidorina,Nidorina,Unknown,28.0,0,0,0,In Stock,https://scrapeme.live/shop/Nidorina/,https://scrapeme.live/wp-content/uploads/2018/08/030-350x350.png,Low,Poor,0.017142857142857144,28.0,0.0,0.008571428571428572
Nidoqueen,Nidoqueen,Unknown,106.0,0,0,0,In Stock,https://scrapeme.live/shop/Nidoqueen/,https://scrapeme.live/wp-content/uploads/2018/08/031-350x350.png,High,Poor,0.46285714285714286,106.0,0.0,0.23142857142857143
Nidorino,Nidorino,Unknown,179.0,0,0,0,In Stock,https://scrapeme.live/shop/Nidorino/,https://scrapeme.live/wp-content/uploads/2018/08/033-350x350.png,High,Poor,0.88,179.0,0.0,0.44
Nidoking,Nidoking,Unknown,31.0,0,0,0,In Stock,https://scrapeme.live/shop/Nidoking/,https://scrapeme.live/wp-content/uploads/2018/08/034-350x350.png,Low,Poor,0.03428571428571429,31.0,0.0,0.017142857142857144
Clefairy,Clefairy,Unknown,160.0,0,0,0,In Stock,https://scrapeme.live/shop/Clefairy/,https://scrapeme.live/wp-content/uploads/2018/08/035-350x350.png,High,Poor,0.7714285714285715,160.0,0.0,0.38571428571428573
Clefable,Clefable,Unknown,188.0,0,0,0,In Stock,https://scrapeme.live/shop/Clefable/,https://scrapeme.live/wp-content/uploads/2018/08/036-350x350.png,High,Poor,0.9314285714285714,188.0,0.0,0.4657142857142857
Vulpix,Vulpix,Unknown,85.0,0,0,0,In Stock,https://scrapeme.live/shop/Vulpix/,https://scrapeme.live/wp-content/uploads/2018/08/037-350x350.png,Medium,Poor,0.34285714285714286,85.0,0.0,0.17142857142857143
Ninetales,Ninetales,Unknown,52.0,0,0,0,In Stock,https://scrapeme.live/shop/Ninetales/,https://scrapeme.live/wp-content/uploads/2018/08/038-350x350.png,Medium,Poor,0.15428571428571428,52.0,0.0,0.07714285714285714
Jigglypuff,Jigglypuff,Unknown,61.0,0,0,0,In Stock,https://scrapeme.live/shop/Jigglypuff/,https://scrapeme.live/wp-content/uploads/2018/08/039-350x350.png,Medium,Poor,0.2057142857142857,61.0,0.0,0.10285714285714286
Wigglytuff,Wigglytuff,Unknown,130.0,0,0,0,In Stock,https://scrapeme.live/shop/Wigglytuff/,https://scrapeme.live/wp-content/uploads/2018/08/040-350x350.png,High,Poor,0.6,130.0,0.0,0.3
Zubat,Zubat,Unknown,125.0,0,0,0,In Stock,https://scrapeme.live/shop/Zubat/,https://scrapeme.live/wp-content/uploads/2018/08/041-350x350.png,High,Poor,0.5714285714285714,125.0,0.0,0.2857142857142857
Golbat,Golbat,Unknown,136.0,0,0,0,In Stock,https://scrapeme.live/shop/Golbat/,https://scrapeme.live/wp-content/uploads/2018/08/042-350x350.png,High,Poor,0.6342857142857142,136.0,0.0,0.3171428571428571
Oddish,Oddish,Unknown,45.0,0,0,0,In Stock,https://scrapeme.live/shop/Oddish/,https://scrapeme.live/wp-content/uploads/2018/08/043-350x350.png,Low,Poor,0.11428571428571428,45.0,0.0,0.05714285714285714
Gloom,Gloom,Unknown,178.0,0,0,0,In Stock,https://scrapeme.live/shop/Gloom/,https://scrapeme.live/wp-content/uploads/2018/08/044-350x350.png,High,Poor,0.8742857142857143,178.0,0.0,0.43714285714285717
Vileplume,Vileplume,Unknown,170.0,0,0,0,In Stock,https://scrapeme.live/shop/Vileplume/,https://scrapeme.live/wp-content/uploads/2018/08/045-350x350.png,High,Poor,0.8285714285714286,170.0,0.0,0.4142857142857143
Paras,Paras,Unknown,168.0,0,0,0,In Stock,https://scrapeme.live/shop/Paras/,https://scrapeme.live/wp-content/uploads/2018/08/046-350x350.png,High,Poor,0.8171428571428572,168.0,0.0,0.4085714285714286
Parasect,Parasect,Unknown,27.0,0,0,0,In Stock,https://scrapeme.live/shop/Parasect/,https://scrapeme.live/wp-content/uploads/2018/08/047-350x350.png,Low,Poor,0.011428571428571429,27.0,0.0,0.005714285714285714
Venonat,Venonat,Unknown,158.0,0,0,0,In Stock,https://scrapeme.live/shop/Venonat/,https://scrapeme.live/wp-content/uploads/2018/08/048-350x350.png,High,Poor,0.76,158.0,0.0,0.38
Venomoth,Venomoth,Unknown,53.0,0,0,0,In Stock,https://scrapeme.live/shop/Venomoth/,https://scrapeme.live/wp-content/uploads/2018/08/049-350x350.png,Medium,Poor,0.16,53.0,0.0,0.08
Diglett,Diglett,Unknown,122.0,0,0,0,In Stock,https://scrapeme.live/shop/Diglett/,https://scrapeme.live/wp-content/uploads/2018/08/050-350x350.png,High,Poor,0.5542857142857143,122.0,0.0,0.27714285714285714
Dugtrio,Dugtrio,Unknown,111.0,0,0,0,In Stock,https://scrapeme.live/shop/Dugtrio/,https://scrapeme.live/wp-content/uploads/2018/08/051-350x350.png,High,Poor,0.49142857142857144,111.0,0.0,0.24571428571428572
Meowth,Meowth,Unknown,131.0,0,0,0,In Stock,https://scrapeme.live/shop/Meowth/,https://scrapeme.live/wp-content/uploads/2018/08/052-350x350.png,High,Poor,0.6057142857142858,131.0,0.0,0.3028571428571429
Persian,Persian,Unknown,200.0,0,0,0,In Stock,https://scrapeme.live/shop/Persian/,https://scrapeme.live/wp-content/uploads/2018/08/053-350x350.png,High,Poor,1.0,200.0,0.0,0.5
Psyduck,Psyduck,Unknown,182.0,0,0,0,In Stock,https://scrapeme.live/shop/Psyduck/,https://scrapeme.live/wp-content/uploads/2018/08/054-350x350.png,High,Poor,0.8971428571428571,182.0,0.0,0.44857142857142857
Golduck,Golduck,Unknown,31.0,0,0,0,In Stock,https://scrapeme.live/shop/Golduck/,https://scrapeme.live/wp-content/uploads/2018/08/055-350x350.png,Low,Poor,0.03428571428571429,31.0,0.0,0.017142857142857144
Mankey,Mankey,Unknown,125.0,0,0,0,In Stock,https://scrapeme.live/shop/Mankey/,https://scrapeme.live/wp-content/uploads/2018/08/056-350x350.png,High,Poor,0.5714285714285714,125.0,0.0,0.2857142857142857
Primeape,Primeape,Unknown,86.0,0,0,0,In Stock,https://scrapeme.live/shop/Primeape/,https://scrapeme.live/wp-content/uploads/2018/08/057-350x350.png,Medium,Poor,0.3485714285714286,86.0,0.0,0.1742857142857143
Growlithe,Growlithe,Unknown,30.0,0,0,0,In Stock,https://scrapeme.live/shop/Growlithe/,https://scrapeme.live/wp-content/uploads/2018/08/058-350x350.png,Low,Poor,0.02857142857142857,30.0,0.0,0.014285714285714285
Arcanine,Arcanine,Unknown,69.0,0,0,0,In Stock,https://scrapeme.live/shop/Arcanine/,https://scrapeme.live/wp-content/uploads/2018/08/059-350x350.png,Medium,Poor,0.25142857142857145,69.0,0.0,0.12571428571428572
Poliwag,Poliwag,Unknown,174.0,0,0,0,In Stock,https://scrapeme.live/shop/Poliwag/,https://scrapeme.live/wp-content/uploads/2018/08/060-350x350.png,High,Poor,0.8514285714285714,174.0,0.0,0.4257142857142857
Poliwhirl,Poliwhirl,Unknown,121.0,0,0,0,In Stock,https://scrapeme.live/shop/Poliwhirl/,https://scrapeme.live/wp-content/uploads/2018/08/061-350x350.png,High,Poor,0.5485714285714286,121.0,0.0,0.2742857142857143
Poliwrath,Poliwrath,Unknown,152.0,0,0,0,In Stock,https://scrapeme.live/shop/Poliwrath/,https://scrapeme.live/wp-content/uploads/2018/08/062-350x350.png,High,Poor,0.7257142857142858,152.0,0.0,0.3628571428571429
Abra,Abra,Unknown,141.0,0,0,0,In Stock,https://scrapeme.live/shop/Abra/,https://scrapeme.live/wp-content/uploads/2018/08/063-350x350.png,High,Poor,0.6628571428571428,141.0,0.0,0.3314285714285714
Kadabra,Kadabra,Unknown,129.0,0,0,0,In Stock,https://scrapeme.live/shop/Kadabra/,https://scrapeme.live/wp-content/uploads/2018/08/064-350x350.png,High,Poor,0.5942857142857143,129.0,0.0,0.29714285714285715
Alakazam,Alakazam,Unknown,40.0,0,0,0,In Stock,https://scrapeme.live/shop/Alakazam/,https://scrapeme.live/wp-content/uploads/2018/08/065-350x350.png,Low,Poor,0.08571428571428572,40.0,0.0,0.04285714285714286
Machop,Machop,Unknown,166.0,0,0,0,In Stock,https://scrapeme.live/shop/Machop/,https://scrapeme.live/wp-content/uploads/2018/08/066-350x350.png,High,Poor,0.8057142857142857,166.0,0.0,0.40285714285714286
Machoke,Machoke,Unknown,27.0,0,0,0,In Stock,https://scrapeme.live/shop/Machoke/,https://scrapeme.live/wp-content/uploads/2018/08/067-350x350.png,Low,Poor,0.011428571428571429,27.0,0.0,0.005714285714285714
Machamp,Machamp,Unknown,121.0,0,0,0,In Stock,https://scrapeme.live/shop/Machamp/,https://scrapeme.live/wp-content/uploads/2018/08/068-350x350.png,High,Poor,0.5485714285714286,121.0,0.0,0.2742857142857143
Bellsprout,Bellsprout,Unknown,74.0,0,0,0,In Stock,https://scrapeme.live/shop/Bellsprout/,https://scrapeme.live/wp-content/uploads/2018/08/069-350x350.png,Medium,Poor,0.28,74.0,0.0,0.14
Weepinbell,Weepinbell,Unknown,26.0,0,0,0,In Stock,https://scrapeme.live/shop/Weepinbell/,https://scrapeme.live/wp-content/uploads/2018/08/070-350x350.png,Low,Poor,0.005714285714285714,26.0,0.0,0.002857142857142857
Victreebel,Victreebel,Unknown,68.0,0,0,0,In Stock,https://scrapeme.live/shop/Victreebel/,https://scrapeme.live/wp-content/uploads/2018/08/071-350x350.png,Medium,Poor,0.24571428571428572,68.0,0.0,0.12285714285714286
Tentacool,Tentacool,Unknown,186.0,0,0,0,In Stock,https://scrapeme.live/shop/Tentacool/,https://scrapeme.live/wp-content/uploads/2018/08/072-350x350.png,High,Poor,0.92,186.0,0.0,0.46
Tentacruel,Tentacruel,Unknown,65.0,0,0,0,In Stock,https://scrapeme.live/shop/Tentacruel/,https://scrapeme.live/wp-content/uploads/2018/08/073-350x350.png,Medium,Poor,0.22857142857142856,65.0,0.0,0.11428571428571428
Geodude,Geodude,Unknown,32.0,0,0,0,In Stock,https://scrapeme.live/shop/Geodude/,https://scrapeme.live/wp-content/uploads/2018/08/074-350x350.png,Low,Poor,0.04,32.0,0.0,0.02
Graveler,Graveler,Unknown,182.0,0,0,0,In Stock,https://scrapeme.live/shop/Graveler/,https://scrapeme.live/wp-content/uploads/2018/08/075-350x350.png,High,Poor,0.8971428571428571,182.0,0.0,0.44857142857142857
Golem,Golem,Unknown,103.0,0,0,0,In Stock,https://scrapeme.live/shop/Golem/,https://scrapeme.live/wp-content/uploads/2018/08/076-350x350.png,High,Poor,0.44571428571428573,103.0,0.0,0.22285714285714286
Ponyta,Ponyta,Unknown,53.0,0,0,0,In Stock,https://scrapeme.live/shop/Ponyta/,https://scrapeme.live/wp-content/uploads/2018/08/077-350x350.png,Medium,Poor,0.16,53.0,0.0,0.08
Rapidash,Rapidash,Unknown,98.0,0,0,0,In Stock,https://scrapeme.live/shop/Rapidash/,https://scrapeme.live/wp-content/uploads/2018/08/078-350x350.png,Medium,Poor,0.41714285714285715,98.0,0.0,0.20857142857142857
Slowpoke,Slowpoke,Unknown,109.0,0,0,0,In Stock,https://scrapeme.live/shop/Slowpoke/,https://scrapeme.live/wp-content/uploads/2018/08/079-350x350.png,High,Poor,0.48,109.0,0.0,0.24
Slowbro,Slowbro,Unknown,179.0,0,0,0,In Stock,https://scrapeme.live/shop/Slowbro/,https://scrapeme.live/wp-content/uploads/2018/08/080-350x350.png,High,Poor,0.88,179.0,0.0,0.44
Magnemite,Magnemite,Unknown,100.0,0,0,0,In Stock,https://scrapeme.live/shop/Magnemite/,https://scrapeme.live/wp-content/uploads/2018/08/081-350x350.png,High,Poor,0.42857142857142855,100.0,0.0,0.21428571428571427
Magneton,Magneton,Unknown,191.0,0,0,0,In Stock,https://scrapeme.live/shop/Magneton/,https://scrapeme.live/wp-content/uploads/2018/08/082-350x350.png,High,Poor,0.9485714285714286,191.0,0.0,0.4742857142857143
Farfetchd,Farfetchd,Unknown,185.0,0,0,0,In Stock,https://scrapeme.live/shop/Farfetchd/,https://scrapeme.live/wp-content/uploads/2018/08/083-350x350.png,High,Poor,0.9142857142857143,185.0,0.0,0.45714285714285713
Doduo,Doduo,Unknown,73.0,0,0,0,In Stock,https://scrapeme.live/shop/Doduo/,https://scrapeme.live/wp-content/uploads/2018/08/084-350x350.png,Medium,Poor,0.2742857142857143,73.0,0.0,0.13714285714285715
Dodrio,Dodrio,Unknown,138.0,0,0,0,In Stock,https://scrapeme.live/shop/Dodrio/,https://scrapeme.live/wp-content/uploads/2018/08/085-350x350.png,High,Poor,0.6457142857142857,138.0,0.0,0.32285714285714284
Seel,Seel,Unknown,164.0,0,0,0,In Stock,https://scrapeme.live/shop/Seel/,https://scrapeme.live/wp-content/uploads/2018/08/086-350x350.png,High,Poor,0.7942857142857143,164.0,0.0,0.39714285714285713
Dewgong,Dewgong,Unknown,70.0,0,0,0,In Stock,https://scrapeme.live/shop/Dewgong/,https://scrapeme.live/wp-content/uploads/2018/08/087-350x350.png,Medium,Poor,0.2571428571428571,70.0,0.0,0.12857142857142856
Grimer,Grimer,Unknown,147.0,0,0,0,In Stock,https://scrapeme.live/shop/Grimer/,https://scrapeme.live/wp-content/uploads/2018/08/088-350x350.png,High,Poor,0.6971428571428572,147.0,0.0,0.3485714285714286
Muk,Muk,Unknown,187.0,0,0,0,In Stock,https://scrapeme.live/shop/Muk/,https://scrapeme.live/wp-content/uploads/2018/08/089-350x350.png,High,Poor,0.9257142857142857,187.0,0.0,0.46285714285714286
Shellder,Shellder,Unknown,138.0,0,0,0,In Stock,https://scrapeme.live/shop/Shellder/,https://scrapeme.live/wp-content/uploads/2018/08/090-350x350.png,High,Poor,0.6457142857142857,138.0,0.0,0.32285714285714284
Cloyster,Cloyster,Unknown,199.0,0,0,0,In Stock,https://scrapeme.live/shop/Cloyster/,https://scrapeme.live/wp-content/uploads/2018/08/091-350x350.png,High,Poor,0.9942857142857143,199.0,0.0,0.49714285714285716
Gastly,Gastly,Unknown,179.0,0,0,0,In Stock,https://scrapeme.live/shop/Gastly/,https://scrapeme.live/wp-content/uploads/2018/08/092-350x350.png,High,Poor,0.88,179.0,0.0,0.44
Haunter,Haunter,Unknown,42.0,0,0,0,In Stock,https://scrapeme.live/shop/Haunter/,https://scrapeme.live/wp-content/uploads/2018/08/093-350x350.png,Low,Poor,0.09714285714285714,42.0,0.0,0.04857142857142857
Gengar,Gengar,Unknown,149.0,0,0,0,In Stock,https://scrapeme.live/shop/Gengar/,https://scrapeme.live/wp-content/uploads/2018/08/094-350x350.png,High,Poor,0.7085714285714285,149.0,0.0,0.35428571428571426
Onix,Onix,Unknown,37.0,0,0,0,In Stock,https://scrapeme.live/shop/Onix/,https://scrapeme.live/wp-content/uploads/2018/08/095-350x350.png,Low,Poor,0.06857142857142857,37.0,0.0,0.03428571428571429
Drowzee,Drowzee,Unknown,40.0,0,0,0,In Stock,https://scrapeme.live/shop/Drowzee/,https://scrapeme.live/wp-content/uploads/2018/08/096-350x350.png,Low,Poor,0.08571428571428572,40.0,0.0,0.04285714285714286
Hypno,Hypno,Unknown,198.0,0,0,0,In Stock,https://scrapeme.live/shop/Hypno/,https://scrapeme.live/wp-content/uploads/2018/08/097-350x350.png,High,Poor,0.9885714285714285,198.0,0.0,0.4942857142857143
Krabby,Krabby,Unknown,64.0,0,0,0,In Stock,https://scrapeme.live/shop/Krabby/,https://scrapeme.live/wp-content/uploads/2018/08/098-350x350.png,Medium,Poor,0.22285714285714286,64.0,0.0,0.11142857142857143
Kingler,Kingler,Unknown,72.0,0,0,0,In Stock,https://scrapeme.live/shop/Kingler/,https://scrapeme.live/wp-content/uploads/2018/08/099-350x350.png,Medium,Poor,0.26857142857142857,72.0,0.0,0.13428571428571429
Voltorb,Voltorb,Unknown,189.0,0,0,0,In Stock,https://scrapeme.live/shop/Voltorb/,https://scrapeme.live/wp-content/uploads/2018/08/100-350x350.png,High,Poor,0.9371428571428572,189.0,0.0,0.4685714285714286
Electrode,Electrode,Unknown,100.0,0,0,0,In Stock,https://scrapeme.live/shop/Electrode/,https://scrapeme.live/wp-content/uploads/2018/08/101-350x350.png,High,Poor,0.42857142857142855,100.0,0.0,0.21428571428571427
Exeggcute,Exeggcute,Unknown,126.0,0,0,0,In Stock,https://scrapeme.live/shop/Exeggcute/,https://scrapeme.live/wp-content/uploads/2018/08/102-350x350.png,High,Poor,0.5771428571428572,126.0,0.0,0.2885714285714286
Exeggutor,Exeggutor,Unknown,68.0,0,0,0,In Stock,https://scrapeme.live/shop/Exeggutor/,https://scrapeme.live/wp-content/uploads/2018/08/103-350x350.png,Medium,Poor,0.24571428571428572,68.0,0.0,0.12285714285714286
Cubone,Cubone,Unknown,177.0,0,0,0,In Stock,https://scrapeme.live/shop/Cubone/,https://scrapeme.live/wp-content/uploads/2018/08/104-350x350.png,High,Poor,0.8685714285714285,177.0,0.0,0.4342857142857143
Marowak,Marowak,Unknown,36.0,0,0,0,In Stock,https://scrapeme.live/shop/Marowak/,https://scrapeme.live/wp-content/uploads/2018/08/105-350x350.png,Low,Poor,0.06285714285714286,36.0,0.0,0.03142857142857143
Hitmonlee,Hitmonlee,Unknown,73.0,0,0,0,In Stock,https://scrapeme.live/shop/Hitmonlee/,https://scrapeme.live/wp-content/uploads/2018/08/106-350x350.png,Medium,Poor,0.2742857142857143,73.0,0.0,0.13714285714285715
Hitmonchan,Hitmonchan,Unknown,91.0,0,0,0,In Stock,https://scrapeme.live/shop/Hitmonchan/,https://scrapeme.live/wp-content/uploads/2018/08/107-350x350.png,Medium,Poor,0.37714285714285717,91.0,0.0,0.18857142857142858
Lickitung,Lickitung,Unknown,142.0,0,0,0,In Stock,https://scrapeme.live/shop/Lickitung/,https://scrapeme.live/wp-content/uploads/2018/08/108-350x350.png,High,Poor,0.6685714285714286,142.0,0.0,0.3342857142857143
Koffing,Koffing,Unknown,38.0,0,0,0,In Stock,https://scrapeme.live/shop/Koffing/,https://scrapeme.live/wp-content/uploads/2018/08/109-350x350.png,Low,Poor,0.07428571428571429,38.0,0.0,0.037142857142857144
Weezing,Weezing,Unknown,48.0,0,0,0,In Stock,https://scrapeme.live/shop/Weezing/,https://scrapeme.live/wp-content/uploads/2018/08/110-350x350.png,Low,Poor,0.13142857142857142,48.0,0.0,0.06571428571428571
Rhyhorn,Rhyhorn,Unknown,124.0,0,0,0,In Stock,https://scrapeme.live/shop/Rhyhorn/,https://scrapeme.live/wp-content/uploads/2018/08/111-350x350.png,High,Poor,0.5657142857142857,124.0,0.0,0.28285714285714286
Rhydon,Rhydon,Unknown,27.0,0,0,0,In Stock,https://scrapeme.live/shop/Rhydon/,https://scrapeme.live/wp-content/uploads/2018/08/112-350x350.png,Low,Poor,0.011428571428571429,27.0,0.0,0.005714285714285714
Chansey,Chansey,Unknown,176.0,0,0,0,In Stock,https://scrapeme.live/shop/Chansey/,https://scrapeme.live/wp-content/uploads/2018/08/113-350x350.png,High,Poor,0.8628571428571429,176.0,0.0,0.43142857142857144
Tangela,Tangela,Unknown,64.0,0,0,0,In Stock,https://scrapeme.live/shop/Tangela/,https://scrapeme.live/wp-content/uploads/2018/08/114-350x350.png,Medium,Poor,0.22285714285714286,64.0,0.0,0.11142857142857143
