Product ID,Product Name,Category,Price,Discount,Rating,Number of Reviews,Availability,Product URL,Image URL
Bulbasaur,Bulbasaur,Unknown,£63.00,0,0,0,In Stock,https://scrapeme.live/shop/Bulbasaur/,https://scrapeme.live/wp-content/uploads/2018/08/001-350x350.png
Ivysaur,Ivysaur,Unknown,£87.00,0,0,0,In Stock,https://scrapeme.live/shop/Ivysaur/,https://scrapeme.live/wp-content/uploads/2018/08/002-350x350.png
Venusaur,Venusaur,Unknown,£105.00,0,0,0,In Stock,https://scrapeme.live/shop/Venusaur/,https://scrapeme.live/wp-content/uploads/2018/08/003-350x350.png
Charmander,Charmander,Unknown,£48.00,0,0,0,In Stock,https://scrapeme.live/shop/Charmander/,https://scrapeme.live/wp-content/uploads/2018/08/004-350x350.png
Charmeleon,Charmeleon,Unknown,£165.00,0,0,0,In Stock,https://scrapeme.live/shop/Charmeleon/,https://scrapeme.live/wp-content/uploads/2018/08/005-350x350.png
Charizard,Charizard,Unknown,£156.00,0,0,0,In Stock,https://scrapeme.live/shop/Charizard/,https://scrapeme.live/wp-content/uploads/2018/08/006-350x350.png
Squirtle,Squirtle,Unknown,£130.00,0,0,0,In Stock,https://scrapeme.live/shop/Squirtle/,https://scrapeme.live/wp-content/uploads/2018/08/007-350x350.png
Wartortle,Wartortle,Unknown,£123.00,0,0,0,In Stock,https://scrapeme.live/shop/Wartortle/,https://scrapeme.live/wp-content/uploads/2018/08/008-350x350.png
Blastoise,Blastoise,Unknown,£76.00,0,0,0,In Stock,https://scrapeme.live/shop/Blastoise/,https://scrapeme.live/wp-content/uploads/2018/08/009-350x350.png
Caterpie,Caterpie,Unknown,£73.00,0,0,0,In Stock,https://scrapeme.live/shop/Caterpie/,https://scrapeme.live/wp-content/uploads/2018/08/010-350x350.png
Metapod,Metapod,Unknown,£148.00,0,0,0,In Stock,https://scrapeme.live/shop/Metapod/,https://scrapeme.live/wp-content/uploads/2018/08/011-350x350.png
Butterfree,Butterfree,Unknown,£162.00,0,0,0,In Stock,https://scrapeme.live/shop/Butterfree/,https://scrapeme.live/wp-content/uploads/2018/08/012-350x350.png
Weedle,Weedle,Unknown,£25.00,0,0,0,In Stock,https://scrapeme.live/shop/Weedle/,https://scrapeme.live/wp-content/uploads/2018/08/013-350x350.png
Kakuna,Kakuna,Unknown,£148.00,0,0,0,In Stock,https://scrapeme.live/shop/Kakuna/,https://scrapeme.live/wp-content/uploads/2018/08/014-350x350.png
Beedrill,Beedrill,Unknown,£168.00,0,0,0,In Stock,https://scrapeme.live/shop/Beedrill/,https://scrapeme.live/wp-content/uploads/2018/08/015-350x350.png
Pidgey,Pidgey,Unknown,£159.00,0,0,0,In Stock,https://scrapeme.live/shop/Pidgey/,https://scrapeme.live/wp-content/uploads/2018/08/016-350x350.png
Pidgeotto,Pidgeotto,Unknown,£84.00,0,0,0,In Stock,https://scrapeme.live/shop/Pidgeotto/,https://scrapeme.live/wp-content/uploads/2018/08/017-350x350.png
Pidgeot,Pidgeot,Unknown,£185.00,0,0,0,In Stock,https://scrapeme.live/shop/Pidgeot/,https://scrapeme.live/wp-content/uploads/2018/08/018-350x350.png
Rattata,Rattata,Unknown,£128.00,0,0,0,In Stock,https://scrapeme.live/shop/Rattata/,https://scrapeme.live/wp-content/uploads/2018/08/019-350x350.png
Raticate,Raticate,Unknown,£60.00,0,0,0,In Stock,https://scrapeme.live/shop/Raticate/,https://scrapeme.live/wp-content/uploads/2018/08/020-350x350.png
Spearow,Spearow,Unknown,£133.00,0,0,0,In Stock,https://scrapeme.live/shop/Spearow/,https://scrapeme.live/wp-content/uploads/2018/08/021-350x350.png
Fearow,Fearow,Unknown,£95.00,0,0,0,In Stock,https://scrapeme.live/shop/Fearow/,https://scrapeme.live/wp-content/uploads/2018/08/022-350x350.png
Ekans,Ekans,Unknown,£55.00,0,0,0,In Stock,https://scrapeme.live/shop/Ekans/,https://scrapeme.live/wp-content/uploads/2018/08/023-350x350.png
Arbok,Arbok,Unknown,£182.00,0,0,0,In Stock,https://scrapeme.live/shop/Arbok/,https://scrapeme.live/wp-content/uploads/2018/08/024-350x350.png
Pikachu,Pikachu,Unknown,£37.00,0,0,0,In Stock,https://scrapeme.live/shop/Pikachu/,https://scrapeme.live/wp-content/uploads/2018/08/025-350x350.png
Raichu,Raichu,Unknown,£140.00,0,0,0,In Stock,https://scrapeme.live/shop/Raichu/,https://scrapeme.live/wp-content/uploads/2018/08/026-350x350.png
Sandshrew,Sandshrew,Unknown,£82.00,0,0,0,In Stock,https://scrapeme.live/shop/Sandshrew/,https://scrapeme.live/wp-content/uploads/2018/08/027-350x350.png
Sandslash,Sandslash,Unknown,£155.00,0,0,0,In Stock,https://scrapeme.live/shop/Sandslash/,https://scrapeme.live/wp-content/uploads/2018/08/028-350x350.png
Nidorina,Nidorina,Unknown,£28.00,0,0,0,In Stock,https://scrapeme.live/shop/Nidorina/,https://scrapeme.live/wp-content/uploads/2018/08/030-350x350.png
Nidoqueen,Nidoqueen,Unknown,£106.00,0,0,0,In Stock,https://scrapeme.live/shop/Nidoqueen/,https://scrapeme.live/wp-content/uploads/2018/08/031-350x350.png
Nidorino,Nidorino,Unknown,£179.00,0,0,0,In Stock,https://scrapeme.live/shop/Nidorino/,https://scrapeme.live/wp-content/uploads/2018/08/033-350x350.png
Nidoking,Nidoking,Unknown,£31.00,0,0,0,In Stock,https://scrapeme.live/shop/Nidoking/,https://scrapeme.live/wp-content/uploads/2018/08/034-350x350.png
Clefairy,Clefairy,Unknown,£160.00,0,0,0,In Stock,https://scrapeme.live/shop/Clefairy/,https://scrapeme.live/wp-content/uploads/2018/08/035-350x350.png
Clefable,Clefable,Unknown,£188.00,0,0,0,In Stock,https://scrapeme.live/shop/Clefable/,https://scrapeme.live/wp-content/uploads/2018/08/036-350x350.png
Vulpix,Vulpix,Unknown,£85.00,0,0,0,In Stock,https://scrapeme.live/shop/Vulpix/,https://scrapeme.live/wp-content/uploads/2018/08/037-350x350.png
Ninetales,Ninetales,Unknown,£52.00,0,0,0,In Stock,https://scrapeme.live/shop/Ninetales/,https://scrapeme.live/wp-content/uploads/2018/08/038-350x350.png
Jigglypuff,Jigglypuff,Unknown,£61.00,0,0,0,In Stock,https://scrapeme.live/shop/Jigglypuff/,https://scrapeme.live/wp-content/uploads/2018/08/039-350x350.png
Wigglytuff,Wigglytuff,Unknown,£130.00,0,0,0,In Stock,https://scrapeme.live/shop/Wigglytuff/,https://scrapeme.live/wp-content/uploads/2018/08/040-350x350.png
Zubat,Zubat,Unknown,£125.00,0,0,0,In Stock,https://scrapeme.live/shop/Zubat/,https://scrapeme.live/wp-content/uploads/2018/08/041-350x350.png
Golbat,Golbat,Unknown,£136.00,0,0,0,In Stock,https://scrapeme.live/shop/Golbat/,https://scrapeme.live/wp-content/uploads/2018/08/042-350x350.png
Oddish,Oddish,Unknown,£45.00,0,0,0,In Stock,https://scrapeme.live/shop/Oddish/,https://scrapeme.live/wp-content/uploads/2018/08/043-350x350.png
Gloom,Gloom,Unknown,£178.00,0,0,0,In Stock,https://scrapeme.live/shop/Gloom/,https://scrapeme.live/wp-content/uploads/2018/08/044-350x350.png
Vileplume,Vileplume,Unknown,£170.00,0,0,0,In Stock,https://scrapeme.live/shop/Vileplume/,https://scrapeme.live/wp-content/uploads/2018/08/045-350x350.png
Paras,Paras,Unknown,£168.00,0,0,0,In Stock,https://scrapeme.live/shop/Paras/,https://scrapeme.live/wp-content/uploads/2018/08/046-350x350.png
Parasect,Parasect,Unknown,£27.00,0,0,0,In Stock,https://scrapeme.live/shop/Parasect/,https://scrapeme.live/wp-content/uploads/2018/08/047-350x350.png
Venonat,Venonat,Unknown,£158.00,0,0,0,In Stock,https://scrapeme.live/shop/Venonat/,https://scrapeme.live/wp-content/uploads/2018/08/048-350x350.png
Venomoth,Venomoth,Unknown,£53.00,0,0,0,In Stock,https://scrapeme.live/shop/Venomoth/,https://scrapeme.live/wp-content/uploads/2018/08/049-350x350.png
Diglett,Diglett,Unknown,£122.00,0,0,0,In Stock,https://scrapeme.live/shop/Diglett/,https://scrapeme.live/wp-content/uploads/2018/08/050-350x350.png
Dugtrio,Dugtrio,Unknown,£111.00,0,0,0,In Stock,https://scrapeme.live/shop/Dugtrio/,https://scrapeme.live/wp-content/uploads/2018/08/051-350x350.png
Meowth,Meowth,Unknown,£131.00,0,0,0,In Stock,https://scrapeme.live/shop/Meowth/,https://scrapeme.live/wp-content/uploads/2018/08/052-350x350.png
Persian,Persian,Unknown,£200.00,0,0,0,In Stock,https://scrapeme.live/shop/Persian/,https://scrapeme.live/wp-content/uploads/2018/08/053-350x350.png
Psyduck,Psyduck,Unknown,£182.00,0,0,0,In Stock,https://scrapeme.live/shop/Psyduck/,https://scrapeme.live/wp-content/uploads/2018/08/054-350x350.png
Golduck,Golduck,Unknown,£31.00,0,0,0,In Stock,https://scrapeme.live/shop/Golduck/,https://scrapeme.live/wp-content/uploads/2018/08/055-350x350.png
Mankey,Mankey,Unknown,£125.00,0,0,0,In Stock,https://scrapeme.live/shop/Mankey/,https://scrapeme.live/wp-content/uploads/2018/08/056-350x350.png
Primeape,Primeape,Unknown,£86.00,0,0,0,In Stock,https://scrapeme.live/shop/Primeape/,https://scrapeme.live/wp-content/uploads/2018/08/057-350x350.png
Growlithe,Growlithe,Unknown,£30.00,0,0,0,In Stock,https://scrapeme.live/shop/Growlithe/,https://scrapeme.live/wp-content/uploads/2018/08/058-350x350.png
Arcanine,Arcanine,Unknown,£69.00,0,0,0,In Stock,https://scrapeme.live/shop/Arcanine/,https://scrapeme.live/wp-content/uploads/2018/08/059-350x350.png
Poliwag,Poliwag,Unknown,£174.00,0,0,0,In Stock,https://scrapeme.live/shop/Poliwag/,https://scrapeme.live/wp-content/uploads/2018/08/060-350x350.png
Poliwhirl,Poliwhirl,Unknown,£121.00,0,0,0,In Stock,https://scrapeme.live/shop/Poliwhirl/,https://scrapeme.live/wp-content/uploads/2018/08/061-350x350.png
Poliwrath,Poliwrath,Unknown,£152.00,0,0,0,In Stock,https://scrapeme.live/shop/Poliwrath/,https://scrapeme.live/wp-content/uploads/2018/08/062-350x350.png
Abra,Abra,Unknown,£141.00,0,0,0,In Stock,https://scrapeme.live/shop/Abra/,https://scrapeme.live/wp-content/uploads/2018/08/063-350x350.png
Kadabra,Kadabra,Unknown,£129.00,0,0,0,In Stock,https://scrapeme.live/shop/Kadabra/,https://scrapeme.live/wp-content/uploads/2018/08/064-350x350.png
Alakazam,Alakazam,Unknown,£40.00,0,0,0,In Stock,https://scrapeme.live/shop/Alakazam/,https://scrapeme.live/wp-content/uploads/2018/08/065-350x350.png
Machop,Machop,Unknown,£166.00,0,0,0,In Stock,https://scrapeme.live/shop/Machop/,https://scrapeme.live/wp-content/uploads/2018/08/066-350x350.png
Machoke,Machoke,Unknown,£27.00,0,0,0,In Stock,https://scrapeme.live/shop/Machoke/,https://scrapeme.live/wp-content/uploads/2018/08/067-350x350.png
Machamp,Machamp,Unknown,£121.00,0,0,0,In Stock,https://scrapeme.live/shop/Machamp/,https://scrapeme.live/wp-content/uploads/2018/08/068-350x350.png
Bellsprout,Bellsprout,Unknown,£74.00,0,0,0,In Stock,https://scrapeme.live/shop/Bellsprout/,https://scrapeme.live/wp-content/uploads/2018/08/069-350x350.png
Weepinbell,Weepinbell,Unknown,£26.00,0,0,0,In Stock,https://scrapeme.live/shop/Weepinbell/,https://scrapeme.live/wp-content/uploads/2018/08/070-350x350.png
Victreebel,Victreebel,Unknown,£68.00,0,0,0,In Stock,https://scrapeme.live/shop/Victreebel/,https://scrapeme.live/wp-content/uploads/2018/08/071-350x350.png
Tentacool,Tentacool,Unknown,£186.00,0,0,0,In Stock,https://scrapeme.live/shop/Tentacool/,https://scrapeme.live/wp-content/uploads/2018/08/072-350x350.png
Tentacruel,Tentacruel,Unknown,£65.00,0,0,0,In Stock,https://scrapeme.live/shop/Tentacruel/,https://scrapeme.live/wp-content/uploads/2018/08/073-350x350.png
Geodude,Geodude,Unknown,£32.00,0,0,0,In Stock,https://scrapeme.live/shop/Geodude/,https://scrapeme.live/wp-content/uploads/2018/08/074-350x350.png
Graveler,Graveler,Unknown,£182.00,0,0,0,In Stock,https://scrapeme.live/shop/Graveler/,https://scrapeme.live/wp-content/uploads/2018/08/075-350x350.png
Golem,Golem,Unknown,£103.00,0,0,0,In Stock,https://scrapeme.live/shop/Golem/,https://scrapeme.live/wp-content/uploads/2018/08/076-350x350.png
Ponyta,Ponyta,Unknown,£53.00,0,0,0,In Stock,https://scrapeme.live/shop/Ponyta/,https://scrapeme.live/wp-content/uploads/2018/08/077-350x350.png
Rapidash,Rapidash,Unknown,£98.00,0,0,0,In Stock,https://scrapeme.live/shop/Rapidash/,https://scrapeme.live/wp-content/uploads/2018/08/078-350x350.png
Slowpoke,Slowpoke,Unknown,£109.00,0,0,0,In Stock,https://scrapeme.live/shop/Slowpoke/,https://scrapeme.live/wp-content/uploads/2018/08/079-350x350.png
Slowbro,Slowbro,Unknown,£179.00,0,0,0,In Stock,https://scrapeme.live/shop/Slowbro/,https://scrapeme.live/wp-content/uploads/2018/08/080-350x350.png
Magnemite,Magnemite,Unknown,£100.00,0,0,0,In Stock,https://scrapeme.live/shop/Magnemite/,https://scrapeme.live/wp-content/uploads/2018/08/081-350x350.png
Magneton,Magneton,Unknown,£191.00,0,0,0,In Stock,https://scrapeme.live/shop/Magneton/,https://scrapeme.live/wp-content/uploads/2018/08/082-350x350.png
Farfetchd,Farfetchd,Unknown,£185.00,0,0,0,In Stock,https://scrapeme.live/shop/Farfetchd/,https://scrapeme.live/wp-content/uploads/2018/08/083-350x350.png
Doduo,Doduo,Unknown,£73.00,0,0,0,In Stock,https://scrapeme.live/shop/Doduo/,https://scrapeme.live/wp-content/uploads/2018/08/084-350x350.png
Dodrio,Dodrio,Unknown,£138.00,0,0,0,In Stock,https://scrapeme.live/shop/Dodrio/,https://scrapeme.live/wp-content/uploads/2018/08/085-350x350.png
Seel,Seel,Unknown,£164.00,0,0,0,In Stock,https://scrapeme.live/shop/Seel/,https://scrapeme.live/wp-content/uploads/2018/08/086-350x350.png
Dewgong,Dewgong,Unknown,£70.00,0,0,0,In Stock,https://scrapeme.live/shop/Dewgong/,https://scrapeme.live/wp-content/uploads/2018/08/087-350x350.png
Grimer,Grimer,Unknown,£147.00,0,0,0,In Stock,https://scrapeme.live/shop/Grimer/,https://scrapeme.live/wp-content/uploads/2018/08/088-350x350.png
Muk,Muk,Unknown,£187.00,0,0,0,In Stock,https://scrapeme.live/shop/Muk/,https://scrapeme.live/wp-content/uploads/2018/08/089-350x350.png
Shellder,Shellder,Unknown,£138.00,0,0,0,In Stock,https://scrapeme.live/shop/Shellder/,https://scrapeme.live/wp-content/uploads/2018/08/090-350x350.png
Cloyster,Cloyster,Unknown,£199.00,0,0,0,In Stock,https://scrapeme.live/shop/Cloyster/,https://scrapeme.live/wp-content/uploads/2018/08/091-350x350.png
Gastly,Gastly,Unknown,£179.00,0,0,0,In Stock,https://scrapeme.live/shop/Gastly/,https://scrapeme.live/wp-content/uploads/2018/08/092-350x350.png
Haunter,Haunter,Unknown,£42.00,0,0,0,In Stock,https://scrapeme.live/shop/Haunter/,https://scrapeme.live/wp-content/uploads/2018/08/093-350x350.png
Gengar,Gengar,Unknown,£149.00,0,0,0,In Stock,https://scrapeme.live/shop/Gengar/,https://scrapeme.live/wp-content/uploads/2018/08/094-350x350.png
Onix,Onix,Unknown,£37.00,0,0,0,In Stock,https://scrapeme.live/shop/Onix/,https://scrapeme.live/wp-content/uploads/2018/08/095-350x350.png
Drowzee,Drowzee,Unknown,£40.00,0,0,0,In Stock,https://scrapeme.live/shop/Drowzee/,https://scrapeme.live/wp-content/uploads/2018/08/096-350x350.png
Hypno,Hypno,Unknown,£198.00,0,0,0,In Stock,https://scrapeme.live/shop/Hypno/,https://scrapeme.live/wp-content/uploads/2018/08/097-350x350.png
Krabby,Krabby,Unknown,£64.00,0,0,0,In Stock,https://scrapeme.live/shop/Krabby/,https://scrapeme.live/wp-content/uploads/2018/08/098-350x350.png
Kingler,Kingler,Unknown,£72.00,0,0,0,In Stock,https://scrapeme.live/shop/Kingler/,https://scrapeme.live/wp-content/uploads/2018/08/099-350x350.png
Voltorb,Voltorb,Unknown,£189.00,0,0,0,In Stock,https://scrapeme.live/shop/Voltorb/,https://scrapeme.live/wp-content/uploads/2018/08/100-350x350.png
Electrode,Electrode,Unknown,£100.00,0,0,0,In Stock,https://scrapeme.live/shop/Electrode/,https://scrapeme.live/wp-content/uploads/2018/08/101-350x350.png
Exeggcute,Exeggcute,Unknown,£126.00,0,0,0,In Stock,https://scrapeme.live/shop/Exeggcute/,https://scrapeme.live/wp-content/uploads/2018/08/102-350x350.png
Exeggutor,Exeggutor,Unknown,£68.00,0,0,0,In Stock,https://scrapeme.live/shop/Exeggutor/,https://scrapeme.live/wp-content/uploads/2018/08/103-350x350.png
Cubone,Cubone,Unknown,£177.00,0,0,0,In Stock,https://scrapeme.live/shop/Cubone/,https://scrapeme.live/wp-content/uploads/2018/08/104-350x350.png
Marowak,Marowak,Unknown,£36.00,0,0,0,In Stock,https://scrapeme.live/shop/Marowak/,https://scrapeme.live/wp-content/uploads/2018/08/105-350x350.png
Hitmonlee,Hitmonlee,Unknown,£73.00,0,0,0,In Stock,https://scrapeme.live/shop/Hitmonlee/,https://scrapeme.live/wp-content/uploads/2018/08/106-350x350.png
Hitmonchan,Hitmonchan,Unknown,£91.00,0,0,0,In Stock,https://scrapeme.live/shop/Hitmonchan/,https://scrapeme.live/wp-content/uploads/2018/08/107-350x350.png
Lickitung,Lickitung,Unknown,£142.00,0,0,0,In Stock,https://scrapeme.live/shop/Lickitung/,https://scrapeme.live/wp-content/uploads/2018/08/108-350x350.png
Koffing,Koffing,Unknown,£38.00,0,0,0,In Stock,https://scrapeme.live/shop/Koffing/,https://scrapeme.live/wp-content/uploads/2018/08/109-350x350.png
Weezing,Weezing,Unknown,£48.00,0,0,0,In Stock,https://scrapeme.live/shop/Weezing/,https://scrapeme.live/wp-content/uploads/2018/08/110-350x350.png
Rhyhorn,Rhyhorn,Unknown,£124.00,0,0,0,In Stock,https://scrapeme.live/shop/Rhyhorn/,https://scrapeme.live/wp-content/uploads/2018/08/111-350x350.png
Rhydon,Rhydon,Unknown,£27.00,0,0,0,In Stock,https://scrapeme.live/shop/Rhydon/,https://scrapeme.live/wp-content/uploads/2018/08/112-350x350.png
Chansey,Chansey,Unknown,£176.00,0,0,0,In Stock,https://scrapeme.live/shop/Chansey/,https://scrapeme.live/wp-content/uploads/2018/08/113-350x350.png
Tangela,Tangela,Unknown,£64.00,0,0,0,In Stock,https://scrapeme.live/shop/Tangela/,https://scrapeme.live/wp-content/uploads/2018/08/114-350x350.png
